PS,Φx,σ,2σ,% error at σ,% error at 2σ
C5,0.09083562831203029,0.0038141407003121036,0.007628281400624207,4.198947892131174,8.397895784262348
C6,0.08553018876904844,0.0029653333265496117,0.005930666653099223,3.467001966471402,6.934003932942804
C7,0.08970224692519527,0.004846634419042819,0.009693268838085639,5.403024545287631,10.806049090575263
