PS,Φx,σ,2σ,% error at σ,% error at 2σ
C5,0.09534097749449649,0.004698200334168578,0.009396400668337156,4.927787041453166,9.855574082906331
C6,0.0921505216228653,0.0035578845671914387,0.007115769134382877,3.860948917633279,7.721897835266558
C7,0.09257247876876128,0.005529372772080459,0.011058745544160918,5.973020108808358,11.946040217616716
